Username,MFA Status
ChrisN@emsforcsp.com,Disabled
KarenB@emsforcsp.com,Disabled
SeanC@emsforcsp.com,Disabled
TengizK@emsforcsp.com,Disabled
ZainalA@emsforcsp.com,Disabled
GailE@emsforcsp.com,Disabled
JossefG@emsforcsp.com,Disabled
MichaelS@emsforcsp.com,Disabled
RobertoT@emsforcsp.com,Disabled
RobW@emsforcsp.com,Enabled
SharonS@emsforcsp.com,Disabled
TerriD@emsforcsp.com,Disabled
KenS@emsforcsp.com,Enabled
LauraN@emsforcsp.com,Enabled
ChristianK@emsforcsp.com,Disabled
GaryA@emsforcsp.com,Disabled
MagnusH@emsforcsp.com,Disabled
PatC@emsforcsp.com,Disabled
BarbaraM@emsforcsp.com,Disabled
BryanW@emsforcsp.com,Disabled
CandyS@emsforcsp.com,Disabled
DavidB@emsforcsp.com,Disabled
DavidL@emsforcsp.com,Disabled
DeborahP@emsforcsp.com,Disabled
DraganT@emsforcsp.com,Disabled
JanetS@emsforcsp.com,Disabled
LauraN@emsforcsp.com,Enabled
MikeS@emsforcsp.com,Disabled
WendyK@emsforcsp.com,Disabled
GrantC@emsforcsp.com,Disabled
HaoC@emsforcsp.com,Disabled
MindyM@emsforcsp.com,Disabled
PaulaB@emsforcsp.com,Enabled
VidurL@emsforcsp.com,Disabled
WillisJ@emsforcsp.com,Disabled
AshviniS@emsforcsp.com,Enabled
DanB@emsforcsp.com,Enabled
DanW@emsforcsp.com,Enabled
FrançoisA@emsforcsp.com,Enabled
JanainaB@emsforcsp.com,Enabled
JeanT@emsforcsp.com,Enabled
KarenB@emsforcsp.com,Enabled
PeterC@emsforcsp.com,Enabled
RameshM@emsforcsp.com,Enabled
StephanieC@emsforcsp.com,Enabled
DavidB@emsforcsp.com,Disabled
JillW@emsforcsp.com,Disabled
JohnW@emsforcsp.com,Disabled
KevinB@emsforcsp.com,Disabled
MaryD@emsforcsp.com,Disabled
MaryG@emsforcsp.com,Disabled
SariyaH@emsforcsp.com,Disabled
SheelaW@emsforcsp.com,Disabled
TerryE@emsforcsp.com,Disabled
WanidaB@emsforcsp.com,Disabled
AndrewH@emsforcsp.com,Disabled
BrendaD@emsforcsp.com,Disabled
CristianP@emsforcsp.com,Disabled
CynthiaR@emsforcsp.com,Disabled
DavidH@emsforcsp.com,Disabled
EricG@emsforcsp.com,Disabled
JackR@emsforcsp.com,Disabled
JamesH@emsforcsp.com,Disabled
JeffH@emsforcsp.com,Disabled
JinghaoL@emsforcsp.com,Disabled
JoB@emsforcsp.com,Disabled
JohnC@emsforcsp.com,Disabled
JoLynnD@emsforcsp.com,Disabled
KatieM@emsforcsp.com,Disabled
Kok-HoL@emsforcsp.com,Disabled
LoriK@emsforcsp.com,Disabled
MichaelR@emsforcsp.com,Disabled
ReubenD@emsforcsp.com,Disabled
ShaneK@emsforcsp.com,Disabled
TaylorM@emsforcsp.com,Disabled
WilliamV@emsforcsp.com,Disabled
YuhongL@emsforcsp.com,Disabled
ZhengM@emsforcsp.com,Disabled
AlanB@emsforcsp.com,Disabled
BrianL@emsforcsp.com,Disabled
PeterK@emsforcsp.com,Disabled
SairajU@emsforcsp.com,Disabled
ScottW@emsforcsp.com,Disabled
WilliamV@emsforcsp.com,Disabled
AnnetteH@emsforcsp.com,Disabled
ArvindR@emsforcsp.com,Enabled
BenM@emsforcsp.com,Enabled
DavidB@emsforcsp.com,Disabled
EricK@emsforcsp.com,Disabled
ErinH@emsforcsp.com,Disabled
FrankP@emsforcsp.com,Disabled
FukikoO@emsforcsp.com,Disabled
GordonH@emsforcsp.com,Disabled
LindaM@emsforcsp.com,Disabled
MikaelS@emsforcsp.com,Disabled
ReinoutH@emsforcsp.com,Disabled
SheelaW@emsforcsp.com,Disabled
AndreasB@emsforcsp.com,Disabled
HazemA@emsforcsp.com,Disabled
MarkH@emsforcsp.com,Disabled
PengW@emsforcsp.com,Disabled
SeanA@emsforcsp.com,Disabled
SheelaW@emsforcsp.com,Disabled
SoothaC@emsforcsp.com,Disabled
DianeM@emsforcsp.com,Disabled
DylanM@emsforcsp.com,Disabled
GigiM@emsforcsp.com,Disabled
MichaelR@emsforcsp.com,Enabled
AmyA@emsforcsp.com,Enabled
BrianW@emsforcsp.com,Enabled
DavidC@emsforcsp.com,Enabled
GarrettV@emsforcsp.com,Enabled
JaeP@emsforcsp.com,Enabled
JillianC@emsforcsp.com,Enabled
JoseS@emsforcsp.com,Enabled
LindaM@emsforcsp.com,Enabled
LynnT@emsforcsp.com,Enabled
MichaelB@emsforcsp.com,Enabled
PamelaA@emsforcsp.com,Enabled
RachelV@emsforcsp.com,Enabled
RanjitV@emsforcsp.com,Enabled
ShuI@emsforcsp.com,Enabled
StephenJ@emsforcsp.com,Enabled
SyedA@emsforcsp.com,Enabled
TeteM@emsforcsp.com,Enabled
TsviR@emsforcsp.com,Enabled
JimmyB@emsforcsp.com,Disabled
KimR@emsforcsp.com,Disabled
MatthiasB@emsforcsp.com,Disabled
PilarA@emsforcsp.com,Disabled
SusanE@emsforcsp.com,Disabled
VamsiK@emsforcsp.com,Disabled
JaniceG@emsforcsp.com,Disabled
OvidiuC@emsforcsp.com,Disabled
RobW@emsforcsp.com,Enabled
ThierryD@emsforcsp.com,Disabled
